Workbook

Sheet Read me
A1: Risk register - Quillfield Systems Inc. (fictional)
A2: Simulated scenario for a learning and portfolio project. No real company, client or audit.
A3: Likelihood (L) and impact (I) on a 1-5 scale; score = L x I (formulas).
A4: Inherent = before any controls. Current residual = with controls as they operate today. Target residual = after the treatment plan is complete.
A5: Rating bands: 1-4 Low, 5-9 Medium, 10-15 High, 16-25 Critical.
A7: Likelihood: 1 Rare (less than once in 5 years), 2 Unlikely, 3 Possible (once in 1-3 years), 4 Likely (about once a year), 5 Almost certain (already happening or several times a year).
A8: Impact: 1 Minimal, 2 Minor (internal only), 3 Moderate (one customer affected or contract breach), 4 Major (several customers, regulator notification, SOC 2 exception), 5 Severe (customer financial loss, lost enterprise deal, widespread data exposure).

Sheet Risk register
A1: Risk ID | B1: Risk description | C1: Linked controls | D1: Gap ref | E1: Inherent L | F1: Inherent I | G1: Inherent score | H1: Inherent rating | I1: Current L | J1: Current I | K1: Current residual score | L1: Current rating | M1: Treatment | N1: Treatment plan | O1: Owner role | P1: Target date | Q1: Target L | R1: Target I | S1: Target residual score | T1: Target rating
A2: R-01 | B2: Leaver, contractor or generic accounts stay active and are used to access customer data or systems without authorization. | C2: AC-01; AC-03; AC-04; AC-05 | D2: G-03; G-04; G-05 | E2: 4 | F2: 4 | G2: =E2*F2 | H2: =IF(G2>=16,"Critical",IF(G2>=10,"High",IF(G2>=5,"Medium","Low"))) | I2: 3 | J2: 4 | K2: =I2*J2 | L2: =IF(K2>=16,"Critical",IF(K2>=10,"High",IF(K2>=5,"Medium","Low"))) | M2: Mitigate | N2: Add contractors to BambooHR with end dates; automate disable via BambooHR-Entra provisioning; assign owners to or remove generic accounts; first quarterly UAR in Q4 2026. | O2: IT Administrator | P2: 2026-12-23 | Q2: 2 | R2: 4 | S2: =Q2*R2 | T2: =IF(S2>=16,"Critical",IF(S2>=10,"High",IF(S2>=5,"Medium","Low")))
A3: R-02 | B3: Phishing or credential theft leads to account takeover, helped by MFA exclusions and no phishing-resistant MFA for admins (a mailbox compromise already occurred in May 2026). | C3: AC-02; HR-02; OPS-03 | D3: G-02; G-06 | E3: 5 | F3: 4 | G3: =E3*F3 | H3: =IF(G3>=16,"Critical",IF(G3>=10,"High",IF(G3>=5,"Medium","Low"))) | I3: 4 | J3: 4 | K3: =I3*J3 | L3: =IF(K3>=16,"Critical",IF(K3>=10,"High",IF(K3>=5,"Medium","Low"))) | M3: Mitigate | N3: Empty CA-Exclusions except break-glass; move service accounts to workload identities; require phishing-resistant MFA for admin roles; enrol contractors in training. | O3: Director, IT & Security | P3: 2026-11-25 | Q3: 2 | R3: 4 | S3: =Q3*R3 | T3: =IF(S3>=16,"Critical",IF(S3>=10,"High",IF(S3>=5,"Medium","Low")))
A4: R-03 | B4: Standing privileged access in Entra ID or the production subscription is misused or compromised, allowing tenant-wide or production-wide changes. | C4: AC-05; AC-06 | D4: G-03; G-06 | E4: 4 | F4: 5 | G4: =E4*F4 | H4: =IF(G4>=16,"Critical",IF(G4>=10,"High",IF(G4>=5,"Medium","Low"))) | I4: 3 | J4: 5 | K4: =I4*J4 | L4: =IF(K4>=16,"Critical",IF(K4>=10,"High",IF(K4>=5,"Medium","Low"))) | M4: Mitigate | N4: Onboard Global Admin, Privileged Role Admin and Azure Owner/Contributor to PIM with approval; reduce Global Admins to 4; rotate and own service principal secrets. | O4: Director, IT & Security | P4: 2026-12-18 | Q4: 1 | R4: 5 | S4: =Q4*R4 | T4: =IF(S4>=16,"Critical",IF(S4>=10,"High",IF(S4>=5,"Medium","Low")))
A5: R-04 | B5: A fraudulent or mistaken edit to a customer's payee bank details in the internal admin console redirects customer payments to the wrong account. | C5: AC-07; OPS-03 | D5: G-07 | E5: 4 | F5: 5 | G5: =E5*F5 | H5: =IF(G5>=16,"Critical",IF(G5>=10,"High",IF(G5>=5,"Medium","Low"))) | I5: 3 | J5: 5 | K5: =I5*J5 | L5: =IF(K5>=16,"Critical",IF(K5>=10,"High",IF(K5>=5,"Medium","Low"))) | M5: Mitigate | N5: Require second-person approval for bank detail edits in the admin console; restrict the permission to a named group; Sentinel rule and weekly review of the edit log until dual approval ships. | O5: VP Engineering | P5: 2027-01-22 | Q5: 1 | R5: 5 | S5: =Q5*R5 | T5: =IF(S5>=16,"Critical",IF(S5>=10,"High",IF(S5>=5,"Medium","Low")))
A6: R-05 | B6: An unreviewed or unauthorized change reaches production (infrastructure repo without branch protection, direct portal changes, self-approved deployments) and causes an outage or weakens security. | C6: CHG-01; CHG-02; CHG-03; AC-07 | D6: G-13; G-07 | E6: 4 | F6: 4 | G6: =E6*F6 | H6: =IF(G6>=16,"Critical",IF(G6>=10,"High",IF(G6>=5,"Medium","Low"))) | I6: 3 | J6: 4 | K6: =I6*J6 | L6: =IF(K6>=16,"Critical",IF(K6>=10,"High",IF(K6>=5,"Medium","Low"))) | M6: Mitigate | N6: Apply the standard ruleset to platform-infra; remove admin bypass; enable prevent self-review; move engineers to PIM-eligible access; monthly review of non-pipeline write operations. | O6: DevOps Lead | P6: 2026-12-23 | Q6: 2 | R6: 4 | S6: =Q6*R6 | T6: =IF(S6>=16,"Critical",IF(S6>=10,"High",IF(S6>=5,"Medium","Low")))
A7: R-06 | B7: A known critical vulnerability in internet-facing or production components is exploited before it is fixed. | C7: OPS-01; MON-02; CHG-04; AC-10 | D7: G-09 | E7: 4 | F7: 5 | G7: =E7*F7 | H7: =IF(G7>=16,"Critical",IF(G7>=10,"High",IF(G7>=5,"Medium","Low"))) | I7: 3 | J7: 5 | K7: =I7*J7 | L7: =IF(K7>=16,"Critical",IF(K7>=10,"High",IF(K7>=5,"Medium","Low"))) | M7: Mitigate | N7: Approve remediation SLAs and an exception process; clear criticals older than 30 days; fix and retest the open pen test high finding; monthly ageing report to leadership. | O7: Security Engineer | P7: 2027-01-22 | Q7: 2 | R7: 5 | S7: =Q7*R7 | T7: =IF(S7>=16,"Critical",IF(S7>=10,"High",IF(S7>=5,"Medium","Low")))
A8: R-07 | B8: An intrusion goes undetected or is detected late because key logs are missing, retention is 90 days, and alerts are triaged slowly with no notes. | C8: OPS-02; OPS-03 | D8: G-10 | E8: 4 | F8: 4 | G8: =E8*F8 | H8: =IF(G8>=16,"Critical",IF(G8>=10,"High",IF(G8>=5,"Medium","Low"))) | I8: 3 | J8: 4 | K8: =I8*J8 | L8: =IF(K8>=16,"Critical",IF(K8>=10,"High",IF(K8>=5,"Medium","Low"))) | M8: Mitigate | N8: Connect GitHub, AKS and Key Vault logs; set 12-month retention (archive tier); define triage SLA and closure reason codes; add after-hours paging for high severity. | O8: Security Engineer | P8: 2027-01-22 | Q8: 2 | R8: 4 | S8: =Q8*R8 | T8: =IF(S8>=16,"Critical",IF(S8>=10,"High",IF(S8>=5,"Medium","Low")))
A9: R-08 | B9: A security incident is handled poorly and Quillfield misses the 72-hour customer notice in the MSA or its PIPEDA breach reporting and record-keeping obligations. | C9: OPS-04 | D9: G-11 | E9: 3 | F9: 5 | G9: =E9*F9 | H9: =IF(G9>=16,"Critical",IF(G9>=10,"High",IF(G9>=5,"Medium","Low"))) | I9: 3 | J9: 4 | K9: =I9*J9 | L9: =IF(K9>=16,"Critical",IF(K9>=10,"High",IF(K9>=5,"Medium","Low"))) | M9: Mitigate | N9: Approve IR plan with a PIPEDA breach assessment step and breach record log; run a tabletop; complete a retrospective review of the May 2026 incident. | O9: Director, IT & Security | P9: 2026-12-18 | Q9: 2 | R9: 4 | S9: =Q9*R9 | T9: =IF(S9>=16,"Critical",IF(S9>=10,"High",IF(S9>=5,"Medium","Low")))
A10: R-09 | B10: Customer data is lost or the service is down for an extended period because backups have never been restored and there is no DR plan. | C10: OPS-05; BCP-01 | D10: G-12 | E10: 3 | F10: 5 | G10: =E10*F10 | H10: =IF(G10>=16,"Critical",IF(G10>=10,"High",IF(G10>=5,"Medium","Low"))) | I10: 3 | J10: 4 | K10: =I10*J10 | L10: =IF(K10>=16,"Critical",IF(K10>=10,"High",IF(K10>=5,"Medium","Low"))) | M10: Mitigate | N10: Set PITR to 35 days and monthly LTR; enable Blob versioning; perform and document a restore test; write a DR runbook with RTO/RPO and test it. | O10: CTO | P10: 2027-01-22 | Q10: 2 | R10: 4 | S10: =Q10*R10 | T10: =IF(S10>=16,"Critical",IF(S10>=10,"High",IF(S10>=5,"Medium","Low")))
A11: R-10 | B11: A vendor or subprocessor breach exposes Quillfield or customer data, with no due diligence done and weak contractual remedies. | C11: VND-01; VND-02; VND-03 | D11: G-14 | E11: 3 | F11: 5 | G11: =E11*F11 | H11: =IF(G11>=16,"Critical",IF(G11>=10,"High",IF(G11>=5,"Medium","Low"))) | I11: 3 | J11: 5 | K11: =I11*J11 | L11: =IF(K11>=16,"Critical",IF(K11>=10,"High",IF(K11>=5,"Medium","Low"))) | M11: Mitigate | N11: Tier all vendors; collect and review SOC 2 reports for Tier 1; file or sign DPAs with Atlassian and the QA firm; add a security tier field as a required step for new vendors in NetSuite. | O11: Controller | P11: 2027-01-22 | Q11: 2 | R11: 4 | S11: =Q11*R11 | T11: =IF(S11>=16,"Critical",IF(S11>=10,"High",IF(S11>=5,"Medium","Low")))
A12: R-11 | B12: Customer data is exposed from staging, which holds unmasked production copies and is accessed by an offshore contractor through a shared login. | C12: CONF-03; VND-02; AC-05 | D12: G-15; G-14 | E12: 4 | F12: 5 | G12: =E12*F12 | H12: =IF(G12>=16,"Critical",IF(G12>=10,"High",IF(G12>=5,"Medium","Low"))) | I12: 4 | J12: 5 | K12: =I12*J12 | L12: =IF(K12>=16,"Critical",IF(K12>=10,"High",IF(K12>=5,"Medium","Low"))) | M12: Mitigate | N12: Stop production-to-staging refreshes now; purge existing copies; build masked or synthetic data set; replace shared SQL login with named Entra accounts. | O12: VP Engineering | P12: 2026-11-25 | Q12: 1 | R12: 5 | S12: =Q12*R12 | T12: =IF(S12>=16,"Critical",IF(S12>=10,"High",IF(S12>=5,"Medium","Low")))
A13: R-12 | B13: Customer data is kept after contract termination, breaching the MSA and the PIPEDA limiting-retention principle. | C13: CONF-02 | D13: G-15 | E13: 5 | F13: 3 | G13: =E13*F13 | H13: =IF(G13>=16,"Critical",IF(G13>=10,"High",IF(G13>=5,"Medium","Low"))) | I13: 5 | J13: 3 | K13: =I13*J13 | L13: =IF(K13>=16,"Critical",IF(K13>=10,"High",IF(K13>=5,"Medium","Low"))) | M13: Mitigate | N13: Write a deletion runbook; delete the 4 churned customers' data after legal confirms no hold; add a quarterly check of churned customers. | O13: VP Engineering | P13: 2027-01-22 | Q13: 1 | R13: 3 | S13: =Q13*R13 | T13: =IF(S13>=16,"Critical",IF(S13>=10,"High",IF(S13>=5,"Medium","Low")))
... A16: R-15 | B16: The SOC 2 Type I is delayed or qualified because controls have no owner oversight, policies are unapproved and there is no risk assessment, putting the enterprise contract at risk. | C16: GOV-01; GOV-03; RISK-01; MON-01 | D16: G-01 | E16: 4 | F16: 4 | G16: =E16*F16 | H16: =IF(G16>=16,"Critical",IF(G16>=10,"High",IF(G16>=5,"Medium","Low"))) | I16: 4 | J16: 4 | K16: =I16*J16 | L16: =IF(K16>=16,"Critical",IF(K16>=10,"High",IF(K16>=5,"Medium","Low"))) | M16: Mitigate | N16: Approve policies; start quarterly leadership security review; accept this risk register; run quarterly control self-assessment; readiness re-check in February 2027. | O16: CEO | P16: 2027-02-26 | Q16: 2 | R16: 4 | S16: =Q16*R16 | T16: =IF(S16>=16,"Critical",IF(S16>=10,"High",IF(S16>=5,"Medium","Low")))

Sheet Heat map (current)
A1: Count of risks by current likelihood (rows) and impact (columns)
A3: L \ I | B3: 1 | C3: 2 | D3: 3 | E3: 4 | F3: 5
A4: 5 | B4: =COUNTIFS('Risk register'!$I:$I,5,'Risk register'!$J:$J,1) | C4: =COUNTIFS('Risk register'!$I:$I,5,'Risk register'!$J:$J,2) | D4: =COUNTIFS('Risk register'!$I:$I,5,'Risk register'!$J:$J,3) | E4: =COUNTIFS('Risk register'!$I:$I,5,'Risk register'!$J:$J,4) | F4: =COUNTIFS('Risk register'!$I:$I,5,'Risk register'!$J:$J,5)
A5: 4 | B5: =COUNTIFS('Risk register'!$I:$I,4,'Risk register'!$J:$J,1) | C5: =COUNTIFS('Risk register'!$I:$I,4,'Risk register'!$J:$J,2) | D5: =COUNTIFS('Risk register'!$I:$I,4,'Risk register'!$J:$J,3) | E5: =COUNTIFS('Risk register'!$I:$I,4,'Risk register'!$J:$J,4) | F5: =COUNTIFS('Risk register'!$I:$I,4,'Risk register'!$J:$J,5)
A6: 3 | B6: =COUNTIFS('Risk register'!$I:$I,3,'Risk register'!$J:$J,1) | C6: =COUNTIFS('Risk register'!$I:$I,3,'Risk register'!$J:$J,2) | D6: =COUNTIFS('Risk register'!$I:$I,3,'Risk register'!$J:$J,3) | E6: =COUNTIFS('Risk register'!$I:$I,3,'Risk register'!$J:$J,4) | F6: =COUNTIFS('Risk register'!$I:$I,3,'Risk register'!$J:$J,5)
A7: 2 | B7: =COUNTIFS('Risk register'!$I:$I,2,'Risk register'!$J:$J,1) | C7: =COUNTIFS('Risk register'!$I:$I,2,'Risk register'!$J:$J,2) | D7: =COUNTIFS('Risk register'!$I:$I,2,'Risk register'!$J:$J,3) | E7: =COUNTIFS('Risk register'!$I:$I,2,'Risk register'!$J:$J,4) | F7: =COUNTIFS('Risk register'!$I:$I,2,'Risk register'!$J:$J,5)
A8: 1 | B8: =COUNTIFS('Risk register'!$I:$I,1,'Risk register'!$J:$J,1) | C8: =COUNTIFS('Risk register'!$I:$I,1,'Risk register'!$J:$J,2) | D8: =COUNTIFS('Risk register'!$I:$I,1,'Risk register'!$J:$J,3) | E8: =COUNTIFS('Risk register'!$I:$I,1,'Risk register'!$J:$J,4) | F8: =COUNTIFS('Risk register'!$I:$I,1,'Risk register'!$J:$J,5)
